date,home_team,home_goals,away_team,away_goals,OT,home_shots,away_shots,home_sog,away_sog,home_sog_pct,away_sog_pct,home_pp,away_pp,home_ppg,away_ppg,home_ppp,away_ppp
2020-10-01,HPK,2,Kärpät,4,False,44,56,19,38,0.4318181818181818,0.6785714285714286,3,2,0,1,0.0,0.5
2020-10-02,Ilves,2,SaiPa,1,False,51,57,29,29,0.5686274509803921,0.5087719298245614,7,2,1,0,0.14285714285714285,0.0
2020-10-02,JYP,2,HIFK,5,False,39,51,22,30,0.5641025641025641,0.5882352941176471,3,7,0,1,0.0,0.14285714285714285
2020-10-02,KalPa,2,Jukurit,1,False,54,37,34,23,0.6296296296296297,0.6216216216216216,3,4,0,1,0.0,0.25
2020-10-02,Lukko,7,Tappara,2,False,61,60,39,33,0.639344262295082,0.55,5,6,2,0,0.4,0.0
2020-10-02,Pelicans,3,Sport,1,False,45,61,27,34,0.6,0.5573770491803278,4,4,0,0,0.0,0.0
2020-10-02,Ässät,3,TPS,2,False,43,40,21,26,0.4883720930232558,0.65,3,3,0,0,0.0,0.0
2020-10-03,HIFK,1,Ilves,3,False,56,34,34,18,0.6071428571428571,0.5294117647058824,5,1,1,0,0.2,0.0
2020-10-03,Jukurit,3,JYP,4,False,46,58,27,29,0.5869565217391305,0.5,6,2,3,0,0.5,0.0
2020-10-03,SaiPa,3,Ässät,1,False,48,54,35,33,0.7291666666666666,0.6111111111111112,4,3,1,0,0.25,0.0
2020-10-03,Kärpät,3,KooKoo,1,False,47,35,27,16,0.574468085106383,0.45714285714285713,6,2,1,0,0.16666666666666666,0.0
2020-10-03,Tappara,4,Pelicans,0,False,48,39,27,24,0.5625,0.6153846153846154,5,2,2,0,0.4,0.0
2020-10-03,TPS,4,Lukko,2,False,30,60,14,32,0.4666666666666667,0.5333333333333333,2,3,0,0,0.0,0.0
2020-10-06,HIFK,3,Pelicans,1,False,53,32,30,16,0.5660377358490566,0.5,4,3,1,1,0.25,0.3333333333333333
2020-10-07,Ässät,4,HPK,3,True,57,58,32,30,0.5614035087719298,0.5172413793103449,2,7,1,3,0.5,0.42857142857142855
2020-10-09,HIFK,3,Kärpät,7,False,57,30,35,23,0.6140350877192983,0.7666666666666667,6,1,2,0,0.3333333333333333,0.0
2020-10-09,HPK,1,Lukko,5,False,44,39,26,22,0.5909090909090909,0.5641025641025641,2,5,0,1,0.0,0.2
2020-10-09,Ilves,5,Jukurit,1,False,43,34,30,23,0.6976744186046512,0.6764705882352942,3,5,1,0,0.3333333333333333,0.0
2020-10-09,KalPa,3,Tappara,6,False,43,42,28,22,0.6511627906976745,0.5238095238095238,5,4,0,1,0.0,0.25
2020-10-09,KooKoo,3,JYP,1,False,68,43,33,19,0.4852941176470588,0.4418604651162791,4,3,1,0,0.25,0.0
2020-10-09,TPS,4,SaiPa,3,True,49,23,28,12,0.5714285714285714,0.5217391304347826,8,5,0,2,0.0,0.4
2020-10-09,Ässät,3,Sport,2,False,43,54,25,32,0.5813953488372093,0.5925925925925926,5,5,1,0,0.2,0.0
2020-10-10,JYP,0,KalPa,3,False,42,48,23,32,0.5476190476190477,0.6666666666666666,5,4,0,1,0.0,0.25
2020-10-10,KooKoo,4,Ilves,2,False,61,51,33,26,0.5409836065573771,0.5098039215686274,7,5,2,1,0.2857142857142857,0.2
2020-10-10,Lukko,3,SaiPa,0,False,56,34,34,15,0.6071428571428571,0.4411764705882353,4,4,0,0,0.0,0.0
2020-10-10,Pelicans,2,Kärpät,5,False,50,45,27,32,0.54,0.7111111111111111,5,3,1,1,0.2,0.3333333333333333
2020-10-10,Jukurit,1,TPS,4,False,42,44,17,29,0.40476190476190477,0.6590909090909091,2,5,0,2,0.0,0.4
2020-10-10,Tappara,2,HIFK,3,True,43,50,21,29,0.4883720930232558,0.58,4,4,2,0,0.5,0.0
2020-10-13,HIFK,4,Ässät,3,True,56,38,30,25,0.5357142857142857,0.6578947368421053,5,5,2,0,0.4,0.0
2020-10-14,KooKoo,2,Pelicans,3,False,56,46,29,22,0.5178571428571429,0.4782608695652174,5,3,0,0,0.0,0.0
2020-10-14,TPS,3,HPK,4,True,44,63,31,37,0.7045454545454546,0.5873015873015873,4,5,1,2,0.25,0.4
2020-10-15,Jukurit,3,Ässät,2,True,34,65,25,38,0.7352941176470589,0.5846153846153846,2,3,0,0,0.0,0.0
2020-10-16,HIFK,2,Lukko,3,False,44,51,31,29,0.7045454545454546,0.5686274509803921,2,4,0,0,0.0,0.0
2020-10-16,JYP,5,SaiPa,1,False,56,39,33,25,0.5892857142857143,0.6410256410256411,1,4,0,0,0.0,0.0
2020-10-16,KalPa,5,Kärpät,1,False,36,36,29,25,0.8055555555555556,0.6944444444444444,5,5,1,1,0.2,0.2
2020-10-16,Pelicans,1,Ilves,4,False,50,47,27,24,0.54,0.5106382978723404,1,3,0,1,0.0,0.3333333333333333
2020-10-16,Tappara,3,HPK,2,False,55,38,31,23,0.5636363636363636,0.6052631578947368,2,4,0,0,0.0,0.0
2020-10-17,HPK,1,KalPa,5,False,45,28,24,13,0.5333333333333333,0.4642857142857143,6,3,1,0,0.16666666666666666,0.0
2020-10-17,Ilves,3,Ässät,5,False,46,48,22,34,0.4782608695652174,0.7083333333333334,6,5,2,2,0.3333333333333333,0.4
2020-10-17,Jukurit,4,HIFK,1,False,30,56,21,26,0.7,0.4642857142857143,3,4,1,1,0.3333333333333333,0.25
2020-10-17,Lukko,4,KooKoo,1,False,56,34,32,22,0.5714285714285714,0.6470588235294118,3,4,1,0,0.3333333333333333,0.0
2020-10-17,SaiPa,1,JYP,2,True,49,60,25,34,0.5102040816326531,0.5666666666666667,5,4,0,0,0.0,0.0
2020-12-01,Sport,4,Tappara,2,False,23,44,11,22,0.4782608695652174,0.5,4,3,1,0,0.25,0.0
2020-10-20,TPS,1,Ilves,4,False,39,43,25,26,0.6410256410256411,0.6046511627906976,2,3,1,1,0.5,0.3333333333333333
2020-10-22,Tappara,5,Ässät,3,False,51,36,28,26,0.5490196078431373,0.7222222222222222,3,4,1,1,0.3333333333333333,0.25
2020-10-23,HPK,7,Pelicans,2,False,44,45,29,24,0.6590909090909091,0.5333333333333333,3,8,1,2,0.3333333333333333,0.25
2020-10-23,Ilves,5,Tappara,2,False,47,60,28,29,0.5957446808510638,0.48333333333333334,3,3,1,0,0.3333333333333333,0.0
2020-10-23,KooKoo,4,Jukurit,1,False,70,35,36,17,0.5142857142857142,0.4857142857142857,6,3,1,1,0.16666666666666666,0.3333333333333333
2020-10-23,Lukko,4,TPS,1,False,62,48,45,20,0.7258064516129032,0.4166666666666667,3,3,0,0,0.0,0.0
2020-10-24,SaiPa,2,HIFK,5,False,37,62,23,32,0.6216216216216216,0.5161290322580645,7,8,1,1,0.14285714285714285,0.125
2020-11-14,Sport,0,Ilves,6,False,37,61,17,37,0.4594594594594595,0.6065573770491803,2,6,0,2,0.0,0.3333333333333333
2020-10-24,Ässät,1,Lukko,6,False,58,48,31,26,0.5344827586206896,0.5416666666666666,3,4,0,3,0.0,0.75
2020-10-24,Jukurit,1,KooKoo,4,False,47,43,18,25,0.3829787234042553,0.5813953488372093,5,2,1,0,0.2,0.0
2020-10-24,Pelicans,7,HPK,2,False,46,47,26,24,0.5652173913043478,0.5106382978723404,5,7,3,1,0.6,0.14285714285714285
2020-10-24,TPS,2,JYP,1,True,62,34,35,18,0.5645161290322581,0.5294117647058824,3,3,0,0,0.0,0.0
2020-10-27,JYP,2,Ilves,6,False,41,36,23,28,0.5609756097560976,0.7777777777777778,3,5,0,1,0.0,0.2
2020-10-27,KalPa,5,TPS,3,False,50,40,25,23,0.5,0.575,5,3,2,2,0.4,0.6666666666666666
2020-10-27,KooKoo,7,Lukko,2,False,48,38,28,19,0.5833333333333334,0.5,2,1,0,0,0.0,0.0
2020-10-28,HIFK,4,JYP,0,False,59,38,36,25,0.6101694915254238,0.6578947368421053,6,4,1,0,0.16666666666666666,0.0
2020-10-28,Jukurit,2,Tappara,1,False,35,53,22,34,0.6285714285714286,0.6415094339622641,3,4,0,1,0.0,0.25
2020-10-28,Kärpät,1,Pelicans,2,False,46,33,27,12,0.5869565217391305,0.36363636363636365,2,2,0,0,0.0,0.0
2020-10-28,SaiPa,1,Lukko,4,False,25,43,16,23,0.64,0.5348837209302325,2,4,0,1,0.0,0.25
2020-10-30,HPK,4,HIFK,1,False,40,48,21,30,0.525,0.625,4,1,2,0,0.5,0.0
2020-10-30,Jukurit,1,KalPa,4,False,31,31,18,21,0.5806451612903226,0.6774193548387096,4,4,1,1,0.25,0.25
2020-10-30,KooKoo,1,TPS,2,False,62,38,32,17,0.5161290322580645,0.4473684210526316,5,4,0,0,0.0,0.0
2020-10-30,Lukko,2,Kärpät,1,False,55,43,25,22,0.45454545454545453,0.5116279069767442,4,5,0,1,0.0,0.2
2020-10-30,Pelicans,5,Ässät,2,False,46,40,24,23,0.5217391304347826,0.575,7,3,3,1,0.42857142857142855,0.3333333333333333
2020-10-31,Tappara,3,KooKoo,2,True,43,37,27,28,0.627906976744186,0.7567567567567568,2,3,1,0,0.5,0.0
2020-10-31,JYP,1,Pelicans,7,False,45,54,25,36,0.5555555555555556,0.6666666666666666,5,5,1,3,0.2,0.6
2020-10-31,KalPa,2,Ilves,3,False,65,40,37,28,0.5692307692307692,0.7,5,5,2,0,0.4,0.0
2020-10-31,SaiPa,4,HPK,3,True,34,50,21,25,0.6176470588235294,0.5,4,3,2,0,0.5,0.0
2020-10-31,TPS,3,HIFK,4,True,33,63,20,38,0.6060606060606061,0.6031746031746031,4,4,1,2,0.25,0.5
2020-10-31,Ässät,3,Kärpät,4,False,44,66,27,38,0.6136363636363636,0.5757575757575758,1,3,0,1,0.0,0.3333333333333333
2020-11-10,HIFK,2,KooKoo,3,True,46,49,31,30,0.6739130434782609,0.6122448979591837,2,5,0,2,0.0,0.4
2020-11-10,SaiPa,4,KalPa,3,False,30,46,20,21,0.6666666666666666,0.45652173913043476,6,2,2,0,0.3333333333333333,0.0
2020-11-11,Kärpät,2,Jukurit,1,False,47,24,26,15,0.5531914893617021,0.625,3,4,0,0,0.0,0.0
2020-11-17,Sport,5,Tappara,6,True,44,61,29,41,0.6590909090909091,0.6721311475409836,6,4,2,1,0.3333333333333333,0.25
2020-11-11,TPS,3,Pelicans,4,True,60,33,30,17,0.5,0.5151515151515151,1,5,1,2,1.0,0.4
2020-11-11,Ässät,3,JYP,2,True,69,37,30,17,0.43478260869565216,0.4594594594594595,3,4,1,0,0.3333333333333333,0.0
2020-11-12,KalPa,3,Lukko,2,False,35,55,22,36,0.6285714285714286,0.6545454545454545,2,3,0,0,0.0,0.0
2020-11-13,HIFK,4,KalPa,2,False,53,27,27,15,0.5094339622641509,0.5555555555555556,4,3,0,0,0.0,0.0
2020-11-13,HPK,2,Ässät,3,True,41,42,21,27,0.5121951219512195,0.6428571428571429,6,6,1,1,0.16666666666666666,0.16666666666666666
2020-11-13,Jukurit,3,SaiPa,2,False,44,37,21,18,0.4772727272727273,0.4864864864864865,4,4,0,1,0.0,0.25
2020-11-13,Pelicans,2,KooKoo,5,False,30,43,15,25,0.5,0.5813953488372093,4,2,1,2,0.25,1.0
2020-11-13,Tappara,4,Ilves,5,False,44,33,27,21,0.6136363636363636,0.6363636363636364,3,4,0,2,0.0,0.5
2020-11-14,JYP,3,Jukurit,0,False,31,55,18,36,0.5806451612903226,0.6545454545454545,4,3,0,0,0.0,0.0
2020-11-14,KooKoo,3,HPK,2,True,53,28,28,17,0.5283018867924528,0.6071428571428571,6,3,2,1,0.3333333333333333,0.3333333333333333
2020-11-14,Pelicans,5,Tappara,1,False,43,55,21,33,0.4883720930232558,0.6,4,4,0,0,0.0,0.0
2020-11-14,SaiPa,1,TPS,2,False,47,48,24,25,0.5106382978723404,0.5208333333333334,7,3,0,1,0.0,0.3333333333333333
2020-11-14,Kärpät,1,HIFK,7,False,33,64,17,39,0.5151515151515151,0.609375,1,8,0,5,0.0,0.625
2020-11-14,Lukko,9,Ässät,1,False,67,38,42,18,0.6268656716417911,0.47368421052631576,12,4,6,0,0.5,0.0
2020-11-18,HIFK,11,Jukurit,1,False,40,32,28,18,0.7,0.5625,3,4,2,1,0.6666666666666666,0.25
2020-11-18,HPK,2,JYP,1,True,58,38,31,16,0.5344827586206896,0.42105263157894735,6,4,0,1,0.0,0.25
2020-11-18,Ilves,6,KooKoo,1,False,42,51,30,32,0.7142857142857143,0.6274509803921569,6,3,3,0,0.5,0.0
2020-11-18,TPS,2,KalPa,3,True,20,40,11,26,0.55,0.65,4,4,1,1,0.25,0.25
2020-11-18,Ässät,3,Pelicans,5,False,56,50,30,30,0.5357142857142857,0.6,4,9,2,4,0.5,0.4444444444444444
2020-11-20,HIFK,2,Tappara,3,True,55,27,33,18,0.6,0.6666666666666666,6,6,2,0,0.3333333333333333,0.0
2020-11-20,KalPa,0,Ässät,4,False,46,40,19,19,0.41304347826086957,0.475,3,6,0,0,0.0,0.0
2020-11-20,Lukko,7,HPK,2,False,53,33,31,18,0.5849056603773585,0.5454545454545454,6,6,1,0,0.16666666666666666,0.0
2020-11-20,Pelicans,1,SaiPa,0,False,36,36,19,22,0.5277777777777778,0.6111111111111112,5,4,1,0,0.2,0.0
2020-11-21,HPK,2,TPS,3,True,54,46,29,27,0.5370370370370371,0.5869565217391305,7,5,0,1,0.0,0.2
2020-11-21,Jukurit,5,Ilves,3,False,39,61,23,39,0.5897435897435898,0.639344262295082,3,6,1,2,0.3333333333333333,0.3333333333333333
2020-11-21,JYP,1,Lukko,6,False,29,51,18,31,0.6206896551724138,0.6078431372549019,2,2,0,0,0.0,0.0
2020-11-21,KooKoo,2,Pelicans,3,False,64,26,40,13,0.625,0.5,7,3,1,1,0.14285714285714285,0.3333333333333333
2020-11-21,Kärpät,5,Ässät,4,True,57,54,31,31,0.543859649122807,0.5740740740740741,2,5,0,2,0.0,0.4
2020-11-21,Tappara,2,KalPa,1,True,43,39,32,20,0.7441860465116279,0.5128205128205128,2,3,1,1,0.5,0.3333333333333333
2020-11-24,JYP,3,Kärpät,6,False,40,63,19,42,0.475,0.6666666666666666,6,5,2,1,0.3333333333333333,0.2
2020-11-24,Lukko,3,KalPa,4,False,40,33,21,17,0.525,0.5151515151515151,6,6,1,1,0.16666666666666666,0.16666666666666666
2020-11-25,Jukurit,5,HPK,2,False,41,60,25,28,0.6097560975609756,0.4666666666666667,1,5,0,1,0.0,0.2
2020-11-25,TPS,4,KooKoo,1,False,51,36,28,17,0.5490196078431373,0.4722222222222222,2,2,0,0,0.0,0.0
2020-11-26,Sport,3,JYP,2,False,55,45,30,26,0.5454545454545454,0.5777777777777777,6,6,1,1,0.16666666666666666,0.16666666666666666
2020-11-27,JYP,4,TPS,6,False,51,53,27,33,0.5294117647058824,0.6226415094339622,8,5,1,4,0.125,0.8
2020-11-27,KalPa,3,Pelicans,4,True,45,33,21,18,0.4666666666666667,0.5454545454545454,4,3,1,1,0.25,0.3333333333333333
2020-11-27,SaiPa,4,Ilves,2,False,43,49,26,21,0.6046511627906976,0.42857142857142855,6,6,1,2,0.16666666666666666,0.3333333333333333
2020-11-27,Tappara,5,Lukko,2,False,41,45,23,28,0.5609756097560976,0.6222222222222222,3,4,0,1,0.0,0.25
2020-11-27,Ässät,5,Jukurit,6,True,42,52,27,29,0.6428571428571429,0.5576923076923077,2,4,0,0,0.0,0.0
2020-11-28,HPK,2,HIFK,5,False,54,28,27,17,0.5,0.6071428571428571,6,1,1,0,0.16666666666666666,0.0
2020-11-28,Ilves,2,KalPa,0,False,25,46,17,24,0.68,0.5217391304347826,2,4,1,0,0.5,0.0
2020-11-28,KooKoo,1,SaiPa,3,False,56,25,25,14,0.44642857142857145,0.56,1,4,0,0,0.0,0.0
2020-11-28,Lukko,6,Jukurit,3,False,64,35,35,21,0.546875,0.6,5,4,0,1,0.0,0.25
2020-11-28,TPS,4,Ässät,1,False,41,40,23,25,0.5609756097560976,0.625,4,4,0,0,0.0,0.0
2020-11-28,Kärpät,1,Tappara,4,False,55,39,25,19,0.45454545454545453,0.48717948717948717,3,2,1,1,0.3333333333333333,0.5
2020-11-28,Sport,3,Pelicans,2,True,47,51,28,23,0.5957446808510638,0.45098039215686275,4,4,1,0,0.25,0.0
2020-12-01,Lukko,4,HIFK,0,False,47,64,28,33,0.5957446808510638,0.515625,2,3,0,0,0.0,0.0
2020-12-02,Ässät,1,KooKoo,6,False,44,56,16,26,0.36363636363636365,0.4642857142857143,2,2,0,1,0.0,0.5
2020-12-28,HPK,1,SaiPa,4,False,58,44,32,27,0.5517241379310345,0.6136363636363636,3,4,1,0,0.3333333333333333,0.0
2020-11-06,Kärpät,0,SaiPa,1,False,59,21,25,11,0.423728813559322,0.5238095238095238,6,3,0,0,0.0,0.0
2020-11-20,Ilves,7,JYP,5,False,66,38,46,27,0.696969696969697,0.7105263157894737,5,3,1,1,0.2,0.3333333333333333
2021-01-05,Kärpät,3,Jukurit,2,True,53,40,28,24,0.5283018867924528,0.6,1,4,0,0,0.0,0.0
2021-01-08,HIFK,3,JYP,2,False,78,40,40,23,0.5128205128205128,0.575,2,4,0,0,0.0,0.0
2021-01-08,HPK,2,Pelicans,4,False,42,50,21,30,0.5,0.6,3,3,1,1,0.3333333333333333,0.3333333333333333
2021-01-08,Ilves,4,Ässät,2,False,49,39,30,25,0.6122448979591837,0.6410256410256411,3,4,0,1,0.0,0.25
2021-01-08,Jukurit,3,KalPa,2,False,33,48,21,23,0.6363636363636364,0.4791666666666667,1,3,0,0,0.0,0.0
2021-01-08,KooKoo,3,Tappara,1,False,56,47,30,26,0.5357142857142857,0.5531914893617021,4,2,0,0,0.0,0.0
2021-01-08,Lukko,3,Kärpät,0,False,40,48,17,18,0.425,0.375,3,6,0,0,0.0,0.0
2021-01-08,TPS,1,Sport,2,True,50,42,33,27,0.66,0.6428571428571429,2,1,0,0,0.0,0.0
2021-01-09,Ässät,3,Kärpät,0,False,46,41,26,24,0.5652173913043478,0.5853658536585366,3,2,0,0,0.0,0.0
2021-01-09,JYP,0,Lukko,2,False,31,69,12,41,0.3870967741935484,0.5942028985507246,2,2,0,2,0.0,1.0
2021-01-09,KalPa,3,Ilves,2,False,41,48,27,27,0.6585365853658537,0.5625,4,3,0,1,0.0,0.3333333333333333
2021-01-09,SaiPa,4,Pelicans,2,False,42,32,26,18,0.6190476190476191,0.5625,2,2,1,2,0.5,1.0
2021-01-09,Sport,4,HPK,3,True,40,42,22,25,0.55,0.5952380952380952,2,2,1,0,0.5,0.0
2021-01-09,Tappara,3,Jukurit,5,False,47,29,28,20,0.5957446808510638,0.6896551724137931,2,3,1,0,0.5,0.0
2021-01-12,Jukurit,0,HIFK,2,False,27,48,17,26,0.6296296296296297,0.5416666666666666,1,1,0,0,0.0,0.0
2021-01-12,KalPa,2,Sport,4,False,57,31,26,20,0.45614035087719296,0.6451612903225806,4,3,0,0,0.0,0.0
2021-01-13,KalPa,2,KooKoo,3,True,43,31,25,17,0.5813953488372093,0.5483870967741935,5,5,1,1,0.2,0.2
2021-01-13,Kärpät,2,Lukko,1,False,58,24,26,10,0.4482758620689655,0.4166666666666667,6,4,1,0,0.16666666666666666,0.0
2021-01-14,HIFK,7,Ässät,2,False,43,44,21,27,0.4883720930232558,0.6136363636363636,5,6,2,0,0.4,0.0
2021-01-14,Pelicans,5,Sport,0,False,40,58,30,34,0.75,0.5862068965517241,5,4,2,0,0.4,0.0
2021-01-15,KooKoo,4,Sport,3,False,50,41,27,28,0.54,0.6829268292682927,4,6,2,0,0.5,0.0
2021-01-15,TPS,5,Jukurit,1,False,58,27,36,19,0.6206896551724138,0.7037037037037037,8,3,2,0,0.25,0.0
2021-01-16,HIFK,3,KalPa,5,False,59,33,31,20,0.5254237288135594,0.6060606060606061,2,2,1,1,0.5,0.5
2021-01-16,Ilves,4,HPK,5,True,41,49,29,30,0.7073170731707317,0.6122448979591837,4,5,2,2,0.5,0.4
2021-01-16,Pelicans,6,Jukurit,3,False,48,39,30,28,0.625,0.717948717948718,1,1,1,1,1.0,1.0
2021-01-19,Kärpät,1,KalPa,4,False,33,30,16,19,0.48484848484848486,0.6333333333333333,3,2,0,0,0.0,0.0
2021-01-19,KooKoo,4,HPK,1,False,59,37,27,18,0.4576271186440678,0.4864864864864865,5,2,1,1,0.2,0.5
2021-01-19,Sport,1,Ässät,4,False,49,42,27,30,0.5510204081632653,0.7142857142857143,2,2,1,1,0.5,0.5
2021-01-19,Tappara,6,JYP,1,False,36,29,23,20,0.6388888888888888,0.6896551724137931,3,8,1,0,0.3333333333333333,0.0
2021-01-20,HPK,0,Lukko,6,False,30,54,5,33,0.16666666666666666,0.6111111111111112,1,8,0,5,0.0,0.625
2021-01-20,Ilves,2,Pelicans,6,False,46,40,26,28,0.5652173913043478,0.7,1,5,0,2,0.0,0.4
2021-01-20,JYP,4,Ässät,3,False,40,44,26,26,0.65,0.5909090909090909,6,5,1,1,0.16666666666666666,0.2
2021-01-20,SaiPa,1,Tappara,6,False,24,35,18,24,0.75,0.6857142857142857,7,6,0,2,0.0,0.3333333333333333
2021-01-22,JYP,1,KalPa,2,True,35,65,20,38,0.5714285714285714,0.5846153846153846,3,3,1,1,0.3333333333333333,0.3333333333333333
2021-01-22,Kärpät,1,TPS,2,False,43,31,23,13,0.5348837209302325,0.41935483870967744,7,4,1,1,0.14285714285714285,0.25
2021-01-22,Pelicans,2,SaiPa,1,False,45,37,26,22,0.5777777777777777,0.5945945945945946,4,4,0,0,0.0,0.0
2021-03-09,HIFK,4,Tappara,3,True,43,41,26,19,0.6046511627906976,0.4634146341463415,3,4,1,1,0.3333333333333333,0.25
2021-01-23,Jukurit,4,HPK,3,True,43,57,25,27,0.5813953488372093,0.47368421052631576,4,4,2,2,0.5,0.5
2021-01-23,KalPa,1,TPS,3,False,38,26,22,19,0.5789473684210527,0.7307692307692307,4,3,0,0,0.0,0.0
2021-01-14,Kärpät,0,Lukko,2,False,40,32,19,20,0.475,0.625,4,3,0,0,0.0,0.0
2021-04-02,KooKoo,0,Pelicans,2,False,58,42,21,25,0.3620689655172414,0.5952380952380952,4,4,0,1,0.0,0.25
2021-01-23,SaiPa,2,JYP,4,False,46,25,26,14,0.5652173913043478,0.56,7,4,1,0,0.14285714285714285,0.0
2021-01-23,Sport,2,Ilves,0,False,45,46,20,30,0.4444444444444444,0.6521739130434783,2,1,1,0,0.5,0.0
2021-01-26,HPK,1,Kärpät,3,False,31,43,12,24,0.3870967741935484,0.5581395348837209,3,5,0,2,0.0,0.4
2021-01-26,Pelicans,4,Lukko,2,False,39,48,22,26,0.5641025641025641,0.5416666666666666,3,3,1,1,0.3333333333333333,0.3333333333333333
2021-01-26,SaiPa,3,Ässät,2,False,51,34,37,16,0.7254901960784313,0.47058823529411764,10,1,0,0,0.0,0.0
2021-03-12,Sport,0,TPS,4,False,45,47,24,20,0.5333333333333333,0.425531914893617,5,5,0,1,0.0,0.2
2021-03-02,HPK,4,Ilves,1,False,38,43,25,21,0.6578947368421053,0.4883720930232558,2,3,1,1,0.5,0.3333333333333333
2021-01-27,KalPa,5,Jukurit,2,False,62,19,35,13,0.5645161290322581,0.6842105263157895,6,3,1,0,0.16666666666666666,0.0
2021-01-27,Lukko,4,JYP,0,False,42,42,24,23,0.5714285714285714,0.5476190476190477,3,7,0,0,0.0,0.0
2021-01-27,Pelicans,1,KooKoo,3,False,32,57,19,26,0.59375,0.45614035087719296,5,6,0,0,0.0,0.0
2021-04-12,Tappara,1,Kärpät,4,False,50,36,23,21,0.46,0.5833333333333334,2,0,0,0,0.0,0.0
2021-01-27,TPS,3,HIFK,0,False,31,52,21,29,0.6774193548387096,0.5576923076923077,4,4,0,0,0.0,0.0
2021-01-29,Ässät,4,Ilves,1,False,50,26,27,14,0.54,0.5384615384615384,4,5,2,0,0.5,0.0
2021-01-29,HIFK,5,TPS,2,False,47,33,29,18,0.6170212765957447,0.5454545454545454,6,7,1,0,0.16666666666666666,0.0
2021-01-29,HPK,2,KalPa,1,False,33,55,17,32,0.5151515151515151,0.5818181818181818,3,4,1,0,0.3333333333333333,0.0
2021-01-29,Jukurit,1,KooKoo,4,False,36,44,19,21,0.5277777777777778,0.4772727272727273,5,5,0,1,0.0,0.2
2021-01-29,JYP,3,Tappara,5,False,25,50,13,30,0.52,0.6,4,5,0,2,0.0,0.4
2021-01-29,Sport,3,SaiPa,1,False,48,36,30,26,0.625,0.7222222222222222,5,3,1,0,0.2,0.0
2021-01-30,Ilves,2,SaiPa,1,False,42,36,30,22,0.7142857142857143,0.6111111111111112,2,3,0,0,0.0,0.0
2021-03-30,Kärpät,2,Tappara,3,True,49,39,23,25,0.46938775510204084,0.6410256410256411,2,1,0,0,0.0,0.0
2021-01-30,Lukko,3,HIFK,1,False,43,54,24,28,0.5581395348837209,0.5185185185185185,1,5,0,0,0.0,0.0
2021-01-30,KalPa,1,Sport,0,True,38,28,18,19,0.47368421052631576,0.6785714285714286,5,5,1,0,0.2,0.0
2021-01-22,KooKoo,6,Jukurit,1,False,56,38,38,17,0.6785714285714286,0.4473684210526316,5,5,2,1,0.4,0.2
2021-04-09,TPS,3,Ässät,2,False,47,47,30,31,0.6382978723404256,0.6595744680851063,4,4,1,1,0.25,0.25
2021-03-02,Pelicans,7,JYP,1,False,69,25,45,18,0.6521739130434783,0.72,8,1,2,0,0.25,0.0
2021-02-02,Ilves,1,Lukko,4,False,44,56,25,31,0.5681818181818182,0.5535714285714286,2,7,0,1,0.0,0.14285714285714285
2021-02-02,Kärpät,1,KooKoo,2,True,38,52,21,27,0.5526315789473685,0.5192307692307693,4,2,0,0,0.0,0.0
2021-02-02,SaiPa,1,Jukurit,2,False,47,35,28,20,0.5957446808510638,0.5714285714285714,3,5,0,2,0.0,0.4
2021-02-02,Sport,1,Tappara,4,False,37,38,22,26,0.5945945945945946,0.6842105263157895,1,1,0,1,0.0,1.0
2021-02-03,Jukurit,0,Ässät,7,False,52,37,23,21,0.4423076923076923,0.5675675675675675,4,4,0,2,0.0,0.5
2021-02-03,JYP,4,Sport,5,True,42,70,28,51,0.6666666666666666,0.7285714285714285,2,4,0,1,0.0,0.25
2021-02-03,Lukko,4,Ilves,1,False,56,59,32,34,0.5714285714285714,0.576271186440678,3,4,1,0,0.3333333333333333,0.0
2021-02-02,Pelicans,1,KalPa,3,False,42,45,22,28,0.5238095238095238,0.6222222222222222,4,4,1,1,0.25,0.25
2021-02-05,JYP,1,Jukurit,5,False,25,59,14,25,0.56,0.423728813559322,1,2,0,1,0.0,0.5
2021-02-05,KalPa,4,HIFK,0,False,31,66,18,32,0.5806451612903226,0.48484848484848486,6,6,2,0,0.3333333333333333,0.0
2021-02-05,Pelicans,5,HPK,2,False,58,40,31,19,0.5344827586206896,0.475,5,4,3,0,0.6,0.0
2021-02-05,SaiPa,4,KooKoo,1,False,34,52,20,27,0.5882352941176471,0.5192307692307693,4,3,2,0,0.5,0.0
2021-02-05,Sport,0,Kärpät,2,False,33,42,19,23,0.5757575757575758,0.5476190476190477,4,4,0,0,0.0,0.0
2021-02-05,TPS,3,Ässät,0,False,39,30,25,22,0.6410256410256411,0.7333333333333333,4,6,2,0,0.5,0.0
2021-02-06,Ässät,5,Pelicans,2,False,50,43,35,27,0.7,0.627906976744186,6,5,3,1,0.5,0.2
2021-02-06,HIFK,1,HPK,0,False,42,28,23,12,0.5476190476190477,0.42857142857142855,3,4,0,0,0.0,0.0
2021-02-06,Ilves,3,KalPa,2,False,37,35,26,23,0.7027027027027027,0.6571428571428571,5,2,1,0,0.2,0.0
2021-02-06,Jukurit,4,Tappara,7,False,30,56,19,29,0.6333333333333333,0.5178571428571429,4,5,0,2,0.0,0.4
2021-02-06,Kärpät,2,SaiPa,0,False,38,33,17,19,0.4473684210526316,0.5757575757575758,2,4,0,0,0.0,0.0
2021-02-06,KooKoo,7,JYP,2,False,52,40,33,24,0.6346153846153846,0.6,4,4,0,1,0.0,0.25
2021-04-06,TPS,1,Lukko,4,False,39,49,14,32,0.358974358974359,0.6530612244897959,4,5,1,2,0.25,0.4
2021-02-09,HIFK,5,HPK,3,False,64,27,41,19,0.640625,0.7037037037037037,4,2,3,1,0.75,0.5
2021-02-09,Ilves,2,TPS,3,False,51,46,29,30,0.5686274509803921,0.6521739130434783,6,4,1,0,0.16666666666666666,0.0
2021-02-09,SaiPa,2,Kärpät,4,False,38,38,19,25,0.5,0.6578947368421053,5,2,0,1,0.0,0.5
2021-02-10,Jukurit,3,Kärpät,4,True,34,50,22,25,0.6470588235294118,0.5,2,3,0,0,0.0,0.0
2021-02-10,KooKoo,2,Lukko,1,True,63,33,30,21,0.47619047619047616,0.6363636363636364,5,4,0,0,0.0,0.0
2021-02-10,Tappara,3,Ässät,2,True,42,33,28,25,0.6666666666666666,0.7575757575757576,4,1,0,1,0.0,1.0
2021-02-10,TPS,4,Ilves,3,True,50,34,24,16,0.48,0.47058823529411764,5,4,2,1,0.4,0.25
2021-02-12,Ässät,4,HIFK,3,True,42,51,21,32,0.5,0.6274509803921569,4,2,2,0,0.5,0.0
2021-02-12,HPK,4,Jukurit,1,False,34,57,20,29,0.5882352941176471,0.5087719298245614,3,5,0,1,0.0,0.2
2021-02-12,Ilves,3,Kärpät,4,True,27,45,14,28,0.5185185185185185,0.6222222222222222,3,3,1,0,0.3333333333333333,0.0
2021-02-12,KalPa,1,Tappara,2,True,39,34,27,22,0.6923076923076923,0.6470588235294118,1,3,0,0,0.0,0.0
2021-02-12,SaiPa,1,Lukko,4,False,29,52,19,25,0.6551724137931034,0.4807692307692308,1,3,0,0,0.0,0.0
2021-02-12,Sport,2,Pelicans,1,False,43,53,27,33,0.627906976744186,0.6226415094339622,2,3,0,0,0.0,0.0
2021-02-12,TPS,4,KooKoo,2,False,36,39,28,21,0.7777777777777778,0.5384615384615384,5,3,2,0,0.4,0.0
2021-02-13,HPK,3,JYP,2,False,33,39,16,23,0.48484848484848486,0.5897435897435898,3,6,1,2,0.3333333333333333,0.3333333333333333
2021-03-09,Jukurit,1,Lukko,5,False,33,46,16,28,0.48484848484848486,0.6086956521739131,3,4,0,1,0.0,0.25
2021-02-13,KalPa,2,SaiPa,3,False,40,29,23,19,0.575,0.6551724137931034,3,3,0,2,0.0,0.6666666666666666
2021-02-13,KooKoo,2,TPS,6,False,40,52,22,27,0.55,0.5192307692307693,5,5,1,0,0.2,0.0
2021-02-13,Pelicans,1,Kärpät,2,False,31,39,18,23,0.5806451612903226,0.5897435897435898,4,2,0,0,0.0,0.0
2021-02-13,Tappara,2,HIFK,3,False,33,35,19,17,0.5757575757575758,0.4857142857142857,3,4,0,1,0.0,0.25
2021-02-16,Ässät,3,JYP,0,False,30,70,19,41,0.6333333333333333,0.5857142857142857,1,5,0,0,0.0,0.0
2021-02-16,HIFK,1,SaiPa,3,False,49,41,26,23,0.5306122448979592,0.5609756097560976,3,4,1,0,0.3333333333333333,0.0
2021-02-16,Kärpät,2,TPS,1,True,38,55,25,33,0.6578947368421053,0.6,4,5,0,0,0.0,0.0
2021-02-16,Lukko,3,Jukurit,2,False,43,59,19,31,0.4418604651162791,0.5254237288135594,6,6,1,0,0.16666666666666666,0.0
2021-02-16,Pelicans,3,Tappara,4,False,34,50,22,31,0.6470588235294118,0.62,4,6,1,1,0.25,0.16666666666666666
2021-02-17,Ässät,2,Tappara,0,False,47,52,26,25,0.5531914893617021,0.4807692307692308,4,4,0,0,0.0,0.0
2021-02-17,Ilves,3,Jukurit,2,False,44,35,27,24,0.6136363636363636,0.6857142857142857,4,4,2,0,0.5,0.0
2021-02-17,KalPa,3,HPK,2,True,49,44,31,27,0.6326530612244898,0.6136363636363636,3,1,0,0,0.0,0.0
2021-02-17,KooKoo,2,HIFK,4,False,42,54,24,31,0.5714285714285714,0.5740740740740741,2,5,1,1,0.5,0.2
2021-02-17,Lukko,2,SaiPa,0,False,41,62,24,36,0.5853658536585366,0.5806451612903226,3,3,0,0,0.0,0.0
2021-02-17,Sport,2,TPS,0,False,42,49,20,22,0.47619047619047616,0.4489795918367347,4,2,0,0,0.0,0.0
2021-02-18,JYP,3,Pelicans,5,False,38,47,18,28,0.47368421052631576,0.5957446808510638,8,2,2,1,0.25,0.5
2021-02-19,HPK,4,Ässät,1,False,54,63,29,33,0.5370370370370371,0.5238095238095238,4,2,2,0,0.5,0.0
2021-02-19,Jukurit,1,Sport,4,False,51,39,26,19,0.5098039215686274,0.48717948717948717,3,1,0,0,0.0,0.0
2021-02-19,Kärpät,4,Ilves,3,True,41,56,24,30,0.5853658536585366,0.5357142857142857,2,6,1,2,0.5,0.3333333333333333
2021-02-19,Pelicans,0,HIFK,4,False,40,49,21,30,0.525,0.6122448979591837,5,6,0,3,0.0,0.5
2021-02-19,Tappara,3,Lukko,1,False,45,39,28,20,0.6222222222222222,0.5128205128205128,5,3,1,0,0.2,0.0
2021-02-19,TPS,0,KalPa,2,False,51,35,33,26,0.6470588235294118,0.7428571428571429,6,3,0,0,0.0,0.0
2021-02-20,Ässät,1,TPS,3,False,38,62,23,27,0.6052631578947368,0.43548387096774194,3,3,0,1,0.0,0.3333333333333333
2021-02-20,JYP,4,HIFK,5,False,44,41,22,26,0.5,0.6341463414634146,2,4,1,1,0.5,0.25
2021-02-20,Kärpät,1,Ilves,2,False,60,37,36,24,0.6,0.6486486486486487,5,3,0,1,0.0,0.3333333333333333
2021-02-20,KooKoo,3,Sport,1,False,45,46,24,27,0.5333333333333333,0.5869565217391305,2,2,1,1,0.5,0.5
2021-02-20,Lukko,6,KalPa,5,True,45,50,28,29,0.6222222222222222,0.58,3,3,2,0,0.6666666666666666,0.0
2021-02-20,SaiPa,1,HPK,2,False,45,24,23,12,0.5111111111111111,0.5,5,2,0,0,0.0,0.0
2021-02-20,Tappara,3,Jukurit,0,False,60,37,33,25,0.55,0.6756756756756757,7,3,2,0,0.2857142857142857,0.0
2021-02-23,HPK,3,Tappara,0,False,39,63,21,35,0.5384615384615384,0.5555555555555556,5,3,1,0,0.2,0.0
2021-02-23,Ilves,0,Kärpät,1,False,37,47,23,25,0.6216216216216216,0.5319148936170213,7,4,0,0,0.0,0.0
2021-02-23,Jukurit,4,Pelicans,5,True,53,39,27,22,0.5094339622641509,0.5641025641025641,2,1,0,1,0.0,1.0
2021-02-23,JYP,3,TPS,4,True,43,63,23,33,0.5348837209302325,0.5238095238095238,3,4,1,2,0.3333333333333333,0.5
2021-02-23,KooKoo,2,HIFK,3,True,45,53,21,26,0.4666666666666667,0.49056603773584906,4,3,0,1,0.0,0.3333333333333333
2021-02-23,Sport,2,KalPa,3,False,33,48,16,27,0.48484848484848486,0.5625,3,5,1,1,0.3333333333333333,0.2
2021-02-24,Ässät,3,KalPa,4,True,44,60,25,34,0.5681818181818182,0.5666666666666667,3,6,0,2,0.0,0.3333333333333333
2021-02-24,HIFK,1,Lukko,0,False,44,36,30,19,0.6818181818181818,0.5277777777777778,4,3,1,0,0.25,0.0
2021-02-24,SaiPa,2,Pelicans,3,True,65,24,31,19,0.47692307692307695,0.7916666666666666,7,6,1,1,0.14285714285714285,0.16666666666666666
2021-02-24,Tappara,2,JYP,3,True,55,44,29,30,0.5272727272727272,0.6818181818181818,5,4,0,1,0.0,0.25
2021-02-24,TPS,3,Kärpät,4,False,59,30,34,21,0.576271186440678,0.7,8,2,1,1,0.125,0.5
2021-01-20,HIFK,4,Jukurit,0,False,55,32,34,18,0.6181818181818182,0.5625,3,6,1,0,0.3333333333333333,0.0
2021-02-26,Ilves,4,Sport,7,False,44,47,31,29,0.7045454545454546,0.6170212765957447,2,7,1,2,0.5,0.2857142857142857
2021-02-26,JYP,5,Ässät,2,False,47,44,29,31,0.6170212765957447,0.7045454545454546,5,3,1,1,0.2,0.3333333333333333
2021-02-26,KalPa,0,HPK,4,False,46,25,26,16,0.5652173913043478,0.64,2,4,0,2,0.0,0.5
2021-02-26,Lukko,2,TPS,1,True,47,60,32,34,0.6808510638297872,0.5666666666666667,5,3,1,0,0.2,0.0
2021-02-26,Pelicans,1,KooKoo,5,False,40,51,20,30,0.5,0.5882352941176471,4,5,0,2,0.0,0.4
2021-02-26,SaiPa,1,Kärpät,2,True,29,48,19,27,0.6551724137931034,0.5625,5,2,1,0,0.2,0.0
2021-02-27,HPK,1,Ilves,2,True,48,49,25,29,0.5208333333333334,0.5918367346938775,2,4,0,0,0.0,0.0
2021-02-27,Jukurit,0,KalPa,3,False,35,52,20,28,0.5714285714285714,0.5384615384615384,2,2,0,1,0.0,0.5
2021-02-27,KooKoo,2,Kärpät,3,False,57,42,30,24,0.5263157894736842,0.5714285714285714,4,3,2,1,0.5,0.3333333333333333
2021-02-27,Tappara,2,SaiPa,1,True,56,34,27,21,0.48214285714285715,0.6176470588235294,3,2,1,0,0.3333333333333333,0.0
2021-02-27,TPS,1,JYP,3,False,48,33,22,16,0.4583333333333333,0.48484848484848486,2,4,0,0,0.0,0.0
2021-02-27,Ässät,3,HIFK,4,True,44,70,24,45,0.5454545454545454,0.6428571428571429,4,3,1,2,0.25,0.6666666666666666
2021-02-27,Sport,2,Lukko,5,False,43,44,32,26,0.7441860465116279,0.5909090909090909,4,2,2,1,0.5,0.5
2021-03-02,Kärpät,1,KalPa,2,False,46,41,30,25,0.6521739130434783,0.6097560975609756,4,2,0,0,0.0,0.0
2021-03-02,Lukko,5,Sport,4,True,41,54,27,35,0.6585365853658537,0.6481481481481481,4,4,2,2,0.5,0.5
2021-03-03,Ässät,3,HPK,4,True,61,47,42,25,0.6885245901639344,0.5319148936170213,3,3,0,1,0.0,0.3333333333333333
2021-03-03,JYP,4,SaiPa,2,False,51,48,33,26,0.6470588235294118,0.5416666666666666,2,3,0,0,0.0,0.0
2021-03-03,Sport,3,HIFK,2,True,34,66,22,38,0.6470588235294118,0.5757575757575758,1,6,1,1,1.0,0.16666666666666666
2021-03-03,Tappara,3,KooKoo,2,False,28,32,17,17,0.6071428571428571,0.53125,7,4,2,0,0.2857142857142857,0.0
2021-03-03,TPS,3,Jukurit,0,False,43,36,35,23,0.813953488372093,0.6388888888888888,2,3,0,0,0.0,0.0
2021-03-04,Lukko,4,KooKoo,3,True,42,49,27,26,0.6428571428571429,0.5306122448979592,4,8,1,0,0.25,0.0
2021-03-05,HIFK,4,Kärpät,3,False,41,41,19,23,0.4634146341463415,0.5609756097560976,2,3,0,1,0.0,0.3333333333333333
2021-03-05,Ilves,4,Tappara,1,False,43,54,32,38,0.7441860465116279,0.7037037037037037,3,5,0,1,0.0,0.2
2021-03-05,Jukurit,2,TPS,3,True,36,46,21,29,0.5833333333333334,0.6304347826086957,3,1,1,0,0.3333333333333333,0.0
2021-03-05,KalPa,2,Ässät,1,True,38,46,24,33,0.631578947368421,0.717391304347826,2,4,0,0,0.0,0.0
2021-03-05,Pelicans,3,JYP,1,False,60,35,28,19,0.4666666666666667,0.5428571428571428,1,3,1,1,1.0,0.3333333333333333
2021-03-05,Sport,6,HPK,1,False,46,40,27,18,0.5869565217391305,0.45,4,3,2,1,0.5,0.3333333333333333
2021-03-06,HPK,1,HIFK,2,True,30,42,19,26,0.6333333333333333,0.6190476190476191,4,2,1,1,0.25,0.5
2021-03-06,JYP,4,Ilves,6,False,42,52,25,32,0.5952380952380952,0.6153846153846154,3,3,2,1,0.6666666666666666,0.3333333333333333
2021-03-06,Kärpät,4,Ässät,1,False,41,40,25,26,0.6097560975609756,0.65,3,3,1,0,0.3333333333333333,0.0
2021-03-06,KooKoo,1,KalPa,2,False,49,44,27,20,0.5510204081632653,0.45454545454545453,1,2,0,0,0.0,0.0
2021-03-06,Lukko,0,Pelicans,1,False,66,36,28,20,0.42424242424242425,0.5555555555555556,1,1,0,0,0.0,0.0
2021-03-06,SaiPa,1,TPS,6,False,41,43,23,17,0.5609756097560976,0.3953488372093023,3,6,0,1,0.0,0.16666666666666666
2021-03-06,Tappara,5,Sport,3,False,48,37,26,22,0.5416666666666666,0.5945945945945946,6,5,3,0,0.5,0.0
2021-03-09,Ilves,2,KooKoo,1,True,31,57,18,34,0.5806451612903226,0.5964912280701754,5,4,0,1,0.0,0.25
2021-03-09,KalPa,0,JYP,1,True,56,34,32,23,0.5714285714285714,0.6764705882352942,2,2,0,0,0.0,0.0
2021-03-09,Kärpät,3,Sport,0,False,45,34,24,21,0.5333333333333333,0.6176470588235294,3,2,0,0,0.0,0.0
2021-03-09,TPS,2,SaiPa,1,True,48,40,26,23,0.5416666666666666,0.575,6,6,0,0,0.0,0.0
2021-03-10,KalPa,1,Lukko,3,False,55,31,35,19,0.6363636363636364,0.6129032258064516,7,3,1,0,0.14285714285714285,0.0
2021-03-10,Kärpät,4,HPK,3,True,29,54,18,30,0.6206896551724138,0.5555555555555556,2,4,1,0,0.5,0.0
2021-03-10,KooKoo,3,Tappara,4,False,41,32,21,17,0.5121951219512195,0.53125,3,5,1,1,0.3333333333333333,0.2
2021-03-10,SaiPa,1,Ilves,2,False,32,45,20,24,0.625,0.5333333333333333,2,5,0,1,0.0,0.2
2021-03-11,JYP,2,HPK,5,False,43,45,22,30,0.5116279069767442,0.6666666666666666,4,4,1,2,0.25,0.5
2021-03-11,Sport,6,Jukurit,0,False,41,43,28,27,0.6829268292682927,0.627906976744186,3,4,1,0,0.3333333333333333,0.0
2021-03-12,Ässät,1,Lukko,3,False,50,64,23,37,0.46,0.578125,2,4,0,1,0.0,0.25
2021-03-12,HIFK,4,KooKoo,1,False,53,42,33,24,0.6226415094339622,0.5714285714285714,4,3,1,0,0.25,0.0
2021-03-12,Pelicans,3,Ilves,2,True,36,34,23,24,0.6388888888888888,0.7058823529411765,4,5,1,0,0.25,0.0
2021-03-12,Tappara,1,KalPa,0,False,35,42,19,26,0.5428571428571428,0.6190476190476191,4,4,1,0,0.25,0.0
2021-03-13,HPK,4,Kärpät,0,False,35,54,18,24,0.5142857142857142,0.4444444444444444,2,4,0,0,0.0,0.0
2021-03-13,Ilves,2,TPS,3,False,44,30,29,20,0.6590909090909091,0.6666666666666666,4,1,0,1,0.0,1.0
2021-03-13,Jukurit,4,JYP,2,False,40,47,19,26,0.475,0.5531914893617021,2,5,0,1,0.0,0.2
2021-03-13,KalPa,3,Pelicans,4,True,44,38,28,26,0.6363636363636364,0.6842105263157895,3,3,0,1,0.0,0.3333333333333333
2021-03-13,Sport,4,Lukko,2,False,46,46,27,29,0.5869565217391305,0.6304347826086957,2,2,0,1,0.0,0.5
2021-03-13,SaiPa,1,HIFK,2,False,39,44,18,24,0.46153846153846156,0.5454545454545454,4,2,1,0,0.25,0.0
2021-03-13,KooKoo,3,Ässät,1,False,60,49,29,20,0.48333333333333334,0.40816326530612246,6,4,1,0,0.16666666666666666,0.0
2021-03-16,Jukurit,5,Kärpät,1,False,31,43,16,23,0.5161290322580645,0.5348837209302325,4,4,2,0,0.5,0.0
2021-03-16,JYP,7,HPK,3,False,55,50,34,27,0.6181818181818182,0.54,3,2,1,0,0.3333333333333333,0.0
2021-03-16,Lukko,1,Sport,4,False,66,33,40,18,0.6060606060606061,0.5454545454545454,6,2,0,0,0.0,0.0
2021-03-16,Tappara,2,TPS,4,False,42,47,24,25,0.5714285714285714,0.5319148936170213,4,7,1,1,0.25,0.14285714285714285
2021-03-17,Ässät,1,Tappara,0,False,31,47,19,21,0.6129032258064516,0.44680851063829785,2,3,0,0,0.0,0.0
2021-03-17,Ilves,1,JYP,2,True,48,57,25,27,0.5208333333333334,0.47368421052631576,3,5,0,0,0.0,0.0
2021-03-17,Lukko,3,Pelicans,2,False,56,50,28,31,0.5,0.62,2,2,1,0,0.5,0.0
2021-03-17,TPS,2,Kärpät,7,False,28,42,18,32,0.6428571428571429,0.7619047619047619,4,4,1,3,0.25,0.75
2021-03-19,Jukurit,2,Sport,1,True,38,42,22,19,0.5789473684210527,0.4523809523809524,2,0,0,0,0.0,0.75
2021-03-19,KalPa,2,Kärpät,3,True,40,37,23,21,0.575,0.5675675675675675,3,3,0,1,0.0,0.3333333333333333
2021-03-19,Lukko,7,Ässät,2,False,47,61,29,36,0.6170212765957447,0.5901639344262295,6,3,3,0,0.5,0.0
2021-03-19,Tappara,1,Ilves,4,False,55,24,27,21,0.4909090909090909,0.875,5,2,1,0,0.2,0.0
2021-03-19,TPS,5,Pelicans,1,False,49,37,28,27,0.5714285714285714,0.7297297297297297,5,4,3,1,0.6,0.25
2021-03-20,HPK,3,Sport,2,False,42,62,22,36,0.5238095238095238,0.5806451612903226,5,5,1,0,0.2,0.0
2021-03-20,Ilves,4,Lukko,3,False,38,48,27,32,0.7105263157894737,0.6666666666666666,5,5,2,1,0.4,0.2
2021-03-20,JYP,2,Tappara,5,False,42,45,28,27,0.6666666666666666,0.6,3,2,1,2,0.3333333333333333,1.0
2021-03-20,Pelicans,2,Jukurit,3,True,39,37,23,22,0.5897435897435898,0.5945945945945946,2,4,0,1,0.0,0.25
2021-03-20,Ässät,3,TPS,4,False,66,42,37,29,0.5606060606060606,0.6904761904761905,6,2,1,2,0.16666666666666666,1.0
2021-03-23,KalPa,4,JYP,1,False,40,42,28,26,0.7,0.6190476190476191,3,7,2,0,0.6666666666666666,0.0
2021-03-23,Kärpät,2,Pelicans,0,False,33,44,20,24,0.6060606060606061,0.5454545454545454,1,1,0,0,0.0,0.0
2021-03-24,Tappara,3,HPK,4,True,40,41,23,28,0.575,0.6829268292682927,5,4,2,1,0.4,0.25
2021-03-24,JYP,1,KooKoo,8,False,39,61,25,45,0.6410256410256411,0.7377049180327869,3,5,0,1,0.0,0.2
2021-03-25,Pelicans,3,Lukko,0,False,53,35,22,19,0.41509433962264153,0.5428571428571428,3,1,1,0,0.3333333333333333,0.0
2021-03-26,HPK,1,KooKoo,2,False,54,63,26,28,0.48148148148148145,0.4444444444444444,1,5,0,1,0.0,0.2
2021-03-26,KalPa,4,JYP,1,False,53,40,25,24,0.4716981132075472,0.6,6,4,2,0,0.3333333333333333,0.0
2021-03-26,Lukko,2,Tappara,0,False,44,51,27,28,0.6136363636363636,0.5490196078431373,2,2,0,0,0.0,0.0
2021-03-27,JYP,4,Kärpät,2,False,27,58,16,36,0.5925925925925926,0.6206896551724138,2,3,1,0,0.5,0.0
2021-03-27,KooKoo,1,Ässät,2,False,49,60,27,33,0.5510204081632653,0.55,1,4,0,1,0.0,0.25
2021-03-27,TPS,4,Tappara,2,False,44,38,27,21,0.6136363636363636,0.5526315789473685,6,3,0,0,0.0,0.0
2021-03-30,Ässät,4,Jukurit,1,False,48,55,31,32,0.6458333333333334,0.5818181818181818,2,2,0,1,0.0,0.5
2021-03-30,HPK,2,TPS,1,False,38,47,22,24,0.5789473684210527,0.5106382978723404,5,3,0,1,0.0,0.3333333333333333
2021-03-30,Lukko,4,JYP,3,True,83,61,40,40,0.4819277108433735,0.6557377049180327,6,3,0,1,0.0,0.3333333333333333
2021-03-30,Pelicans,2,KalPa,4,False,66,34,44,18,0.6666666666666666,0.5294117647058824,4,2,0,0,0.0,0.0
2021-01-14,Tappara,5,SaiPa,2,False,40,28,25,16,0.625,0.5714285714285714,1,5,1,0,1.0,0.0
2021-04-01,Kärpät,1,HPK,3,False,44,34,23,19,0.5227272727272727,0.5588235294117647,4,4,1,1,0.25,0.25
2021-04-01,Lukko,6,Ässät,3,False,76,40,51,25,0.6710526315789473,0.625,6,4,2,2,0.3333333333333333,0.5
2021-04-01,Pelicans,4,TPS,3,True,47,48,27,23,0.574468085106383,0.4791666666666667,4,4,1,1,0.25,0.25
2021-04-01,SaiPa,1,Tappara,2,False,36,46,15,19,0.4166666666666667,0.41304347826086957,2,2,1,0,0.5,0.0
2021-04-03,Ässät,3,SaiPa,4,False,58,41,40,25,0.6896551724137931,0.6097560975609756,2,3,1,1,0.5,0.3333333333333333
2021-04-03,HPK,3,Jukurit,1,False,50,50,30,29,0.6,0.58,5,4,1,1,0.2,0.25
2021-04-03,JYP,1,KalPa,2,True,35,56,22,38,0.6285714285714286,0.6785714285714286,4,5,0,0,0.0,0.0
2021-04-03,KooKoo,3,Kärpät,0,False,54,42,30,22,0.5555555555555556,0.5238095238095238,4,3,0,0,0.0,0.0
2021-02-03,Tappara,3,Pelicans,1,False,48,23,25,13,0.5208333333333334,0.5652173913043478,5,5,0,0,0.0,0.0
2021-04-03,TPS,1,Lukko,2,True,34,61,16,31,0.47058823529411764,0.5081967213114754,3,3,1,0,0.3333333333333333,0.0
2021-04-06,HPK,1,Tappara,2,False,40,36,20,17,0.5,0.4722222222222222,2,1,0,0,0.0,0.0
2021-04-06,Jukurit,5,SaiPa,1,False,39,45,22,23,0.5641025641025641,0.5111111111111111,4,4,0,1,0.0,0.25
2021-04-06,KalPa,3,KooKoo,5,False,44,45,28,27,0.6363636363636364,0.6,4,5,2,2,0.5,0.4
2021-04-06,Pelicans,4,Ässät,3,False,44,44,27,32,0.6136363636363636,0.7272727272727273,7,5,3,1,0.42857142857142855,0.2
2021-04-06,Sport,0,Ilves,4,False,61,34,33,23,0.5409836065573771,0.6764705882352942,3,2,0,0,0.0,0.0
2021-04-08,Jukurit,2,JYP,5,False,48,35,16,19,0.3333333333333333,0.5428571428571428,4,3,2,2,0.5,0.6666666666666666
2021-04-08,Kärpät,1,Sport,3,False,47,43,25,16,0.5319148936170213,0.37209302325581395,2,6,0,1,0.0,0.16666666666666666
2021-04-08,Lukko,4,Ilves,3,False,51,39,28,21,0.5490196078431373,0.5384615384615384,3,4,1,2,0.3333333333333333,0.5
2021-04-08,Tappara,2,TPS,3,False,39,30,22,22,0.5641025641025641,0.7333333333333333,2,4,0,1,0.0,0.25
2021-04-09,HIFK,3,Pelicans,2,False,35,38,16,25,0.45714285714285713,0.6578947368421053,3,2,0,0,0.0,0.0
2021-04-10,Ilves,2,Tappara,5,False,32,41,21,27,0.65625,0.6585365853658537,3,5,0,2,0.0,0.4
2021-04-01,KalPa,3,Jukurit,0,False,55,34,35,15,0.6363636363636364,0.4411764705882353,5,3,0,0,0.0,0.0
2021-04-09,SaiPa,0,KooKoo,3,False,35,57,18,26,0.5142857142857142,0.45614035087719296,3,3,0,2,0.0,0.6666666666666666
2021-04-10,Ässät,2,Lukko,5,False,44,55,29,32,0.6590909090909091,0.5818181818181818,3,4,1,2,0.3333333333333333,0.5
2021-04-10,Kärpät,4,JYP,1,False,29,52,14,29,0.4827586206896552,0.5576923076923077,2,3,0,0,0.0,0.0
2021-04-10,KooKoo,7,SaiPa,2,False,43,41,25,22,0.5813953488372093,0.5365853658536586,5,4,1,2,0.2,0.5
2021-04-10,Pelicans,3,HIFK,0,False,39,38,27,19,0.6923076923076923,0.5,4,4,0,0,0.0,0.0
2021-04-10,Sport,3,KalPa,1,False,30,50,14,15,0.4666666666666667,0.3,3,4,1,0,0.3333333333333333,0.0
2021-02-02,TPS,3,HPK,4,True,62,35,39,20,0.6290322580645161,0.5714285714285714,6,4,1,3,0.16666666666666666,0.75
2021-04-13,Ässät,1,KalPa,6,False,52,62,37,42,0.7115384615384616,0.6774193548387096,5,5,0,2,0.0,0.4
2021-04-13,HIFK,4,Sport,0,False,39,33,27,18,0.6923076923076923,0.5454545454545454,5,5,0,0,0.0,0.0
2021-04-13,HPK,4,SaiPa,5,True,69,46,39,25,0.5652173913043478,0.5434782608695652,6,4,3,2,0.5,0.5
2021-04-13,Jukurit,2,Pelicans,3,True,47,55,29,30,0.6170212765957447,0.5454545454545454,5,6,0,0,0.0,0.0
2021-04-13,JYP,1,KooKoo,4,False,33,53,17,28,0.5151515151515151,0.5283018867924528,0,5,0,0,0.0,0.0
2021-04-13,Lukko,3,TPS,0,False,41,47,24,27,0.5853658536585366,0.574468085106383,5,3,0,0,0.0,0.0
2021-04-13,Tappara,4,Kärpät,2,False,41,37,24,22,0.5853658536585366,0.5945945945945946,6,5,2,0,0.3333333333333333,0.0
